,09:00 - 10:00,10:00 - 10:50,11:10 - 12:00,12:00 - 12:50,Lunch Break,01:30 - 02:20,02:20 - 03:10,03:10 - 04:00
Monday,"UHV (year4, CSE_B)",Free (),"UHV (year4, CSE_A)",Free (),Lunch Break,Free (),Free (),Free ()
Tuesday,Free (),"UHV (year4, CSE_A)","UHV (year4, CSE_B)",Free (),Lunch Break,"UHV (year4, CSE_B)",Free (),Free ()
Wednesday,Free (),Free (),"UHV (year4, CSE_A)",Free (),Lunch Break,"UHV (year4, CSE_A)",Free (),Free ()
Thursday,Free (),Free (),Free (),"UHV (year4, CSE_A)",Lunch Break,Free (),Free (),"UHV (year4, CSE_B)"
Friday,"UHV (year4, CSE_B)",Free (),Free (),Free (),Lunch Break,Free (),Free (),Free ()
Saturday,Free (),Free (),Free (),Free (),Lunch Break,Free (),Free (),Free ()
